"bsq_regra";"bsq_situacao_iniciada";"bsq_movimentacao_por";"dsc_extra"
"2_246_sem-complemento_sem-extra";"2";"246";
"4_245_sem-complemento_sem-extra";"4";"245";
"4_14997_sem-complemento_sem-extra";"4";"14997";
"4_14998_sem-complemento_sem-extra";"4";"14998";
"1_92_sem-complemento_sem-extra";"1";"92";
"73_970_[15:situacao_da_audiencia:12;16:tipo_de_audiencia:17]_sem-extra";"73";"970";
"73_970_[15:situacao_da_audiencia:12;16:tipo_de_audiencia:92]_sem-extra";"73";"970";
"73_12624_[15:situacao_da_audiencia:12]_sem-extra";"73";"12624";
"73_12740_[15:situacao_da_audiencia:12]_sem-extra";"73";"12740";
"73_12752_[15:situacao_da_audiencia:12]_sem-extra";"73";"12752";
"70_970_[15:situacao_da_audiencia:11;16:tipo_de_audiencia:17]_sem-extra";"70";"970";
"70_970_[15:situacao_da_audiencia:11;16:tipo_de_audiencia:92]_sem-extra";"70";"970";
"70_12624_[15:situacao_da_audiencia:11]_sem-extra";"70";"12624";
"70_12740_[15:situacao_da_audiencia:11]_sem-extra";"70";"12740";
"70_12752_[15:situacao_da_audiencia:11]_sem-extra";"70";"12752";
"74_970_[15:situacao_da_audiencia:15;16:tipo_de_audiencia:17]_sem-extra";"74";"970";
"74_970_[15:situacao_da_audiencia:15;16:tipo_de_audiencia:92]_sem-extra";"74";"970";
"74_12624_[15:situacao_da_audiencia:15]_sem-extra";"74";"12624";
"74_12740_[15:situacao_da_audiencia:15]_sem-extra";"74";"12740";
"74_12752_[15:situacao_da_audiencia:15]_sem-extra";"74";"12752";
"5_970_[15:situacao_da_audiencia:9;16:tipo_de_audiencia:17]_sem-extra";"5";"970";
"5_970_[15:situacao_da_audiencia:9;16:tipo_de_audiencia:92]_sem-extra";"5";"970";
"5_12624_[15:situacao_da_audiencia:9]_sem-extra";"5";"12624";
"5_12740_[15:situacao_da_audiencia:9]_sem-extra";"5";"12740";
"5_12752_[15:situacao_da_audiencia:9]_sem-extra";"5";"12752";
"75_970_[15:situacao_da_audiencia:14;16:tipo_de_audiencia:17]_sem-extra";"75";"970";
"75_970_[15:situacao_da_audiencia:14;16:tipo_de_audiencia:92]_sem-extra";"75";"970";
"75_12624_[15:situacao_da_audiencia:14]_sem-extra";"75";"12624";
"75_12740_[15:situacao_da_audiencia:14]_sem-extra";"75";"12740";
"75_12752_[15:situacao_da_audiencia:14]_sem-extra";"75";"12752";
"82_893_sem-complemento_sem-extra";"82";"893";
"6_970_[15:situacao_da_audiencia:13;16:tipo_de_audiencia:17]_sem-extra";"6";"970";
"6_970_[15:situacao_da_audiencia:13;16:tipo_de_audiencia:92]_sem-extra";"6";"970";
"6_12624_[15:situacao_da_audiencia:13]_sem-extra";"6";"12624";
"6_12740_[15:situacao_da_audiencia:13]_sem-extra";"6";"12740";
"6_12752_[15:situacao_da_audiencia:13]_sem-extra";"6";"12752";
"76_970_[15:situacao_da_audiencia:10;16:tipo_de_audiencia:17]_sem-extra";"76";"970";
"76_970_[15:situacao_da_audiencia:10;16:tipo_de_audiencia:92]_sem-extra";"76";"970";
"76_12624_[15:situacao_da_audiencia:10]_sem-extra";"76";"12624";
"76_12740_[15:situacao_da_audiencia:10]_sem-extra";"76";"12740";
"76_12752_[15:situacao_da_audiencia:10]_sem-extra";"76";"12752";
"77_970_[15:situacao_da_audiencia:12;16:tipo_de_audiencia:16]_sem-extra";"77";"970";
"77_970_[15:situacao_da_audiencia:12;16:tipo_de_audiencia:18]_sem-extra";"77";"970";
"77_970_[15:situacao_da_audiencia:12;16:tipo_de_audiencia:19]_sem-extra";"77";"970";
"77_970_[15:situacao_da_audiencia:12;16:tipo_de_audiencia:193]_sem-extra";"77";"970";
"77_970_[15:situacao_da_audiencia:12;16:tipo_de_audiencia:20]_sem-extra";"77";"970";
"77_970_[15:situacao_da_audiencia:12;16:tipo_de_audiencia:21]_sem-extra";"77";"970";
"77_970_[15:situacao_da_audiencia:12;16:tipo_de_audiencia:22]_sem-extra";"77";"970";
"77_970_[15:situacao_da_audiencia:12;16:tipo_de_audiencia:228]_sem-extra";"77";"970";
"77_970_[15:situacao_da_audiencia:12;16:tipo_de_audiencia:23]_sem-extra";"77";"970";
"77_970_[15:situacao_da_audiencia:12;16:tipo_de_audiencia:24]_sem-extra";"77";"970";
"77_970_[15:situacao_da_audiencia:12;16:tipo_de_audiencia:25]_sem-extra";"77";"970";
"77_970_[15:situacao_da_audiencia:12;16:tipo_de_audiencia:91]_sem-extra";"77";"970";
"77_12739_[15:situacao_da_audiencia:12]_sem-extra";"77";"12739";
"77_12741_[15:situacao_da_audiencia:12]_sem-extra";"77";"12741";
"77_12742_[15:situacao_da_audiencia:12]_sem-extra";"77";"12742";
"77_12743_[15:situacao_da_audiencia:12]_sem-extra";"77";"12743";
"77_12744_[15:situacao_da_audiencia:12]_sem-extra";"77";"12744";
"77_12745_[15:situacao_da_audiencia:12]_sem-extra";"77";"12745";
"77_12746_[15:situacao_da_audiencia:12]_sem-extra";"77";"12746";
"77_12747_[15:situacao_da_audiencia:12]_sem-extra";"77";"12747";
"77_12749_[15:situacao_da_audiencia:12]_sem-extra";"77";"12749";
"77_12750_[15:situacao_da_audiencia:12]_sem-extra";"77";"12750";
"77_12751_[15:situacao_da_audiencia:12]_sem-extra";"77";"12751";
"77_12753_[15:situacao_da_audiencia:12]_sem-extra";"77";"12753";
"77_14096_[15:situacao_da_audiencia:12]_sem-extra";"77";"14096";
"77_15050_[15:situacao_da_audiencia:12]_sem-extra";"77";"15050";
"77_15049_[15:situacao_da_audiencia:12]_sem-extra";"77";"15049";
"77_15045_[15:situacao_da_audiencia:12]_sem-extra";"77";"15045";
"77_15188_[15:situacao_da_audiencia:12]_sem-extra";"77";"15188";
"71_970_[15:situacao_da_audiencia:11;16:tipo_de_audiencia:16]_sem-extra";"71";"970";
"71_970_[15:situacao_da_audiencia:11;16:tipo_de_audiencia:18]_sem-extra";"71";"970";
"71_970_[15:situacao_da_audiencia:11;16:tipo_de_audiencia:184]_sem-extra";"71";"970";
"71_970_[15:situacao_da_audiencia:11;16:tipo_de_audiencia:19]_sem-extra";"71";"970";
"71_970_[15:situacao_da_audiencia:11;16:tipo_de_audiencia:193]_sem-extra";"71";"970";
"71_970_[15:situacao_da_audiencia:11;16:tipo_de_audiencia:20]_sem-extra";"71";"970";
"71_970_[15:situacao_da_audiencia:11;16:tipo_de_audiencia:21]_sem-extra";"71";"970";
"71_970_[15:situacao_da_audiencia:11;16:tipo_de_audiencia:22]_sem-extra";"71";"970";
"71_970_[15:situacao_da_audiencia:11;16:tipo_de_audiencia:228]_sem-extra";"71";"970";
"71_970_[15:situacao_da_audiencia:11;16:tipo_de_audiencia:23]_sem-extra";"71";"970";
"71_970_[15:situacao_da_audiencia:11;16:tipo_de_audiencia:24]_sem-extra";"71";"970";
"71_970_[15:situacao_da_audiencia:11;16:tipo_de_audiencia:25]_sem-extra";"71";"970";
"71_970_[15:situacao_da_audiencia:11;16:tipo_de_audiencia:91]_sem-extra";"71";"970";
"71_12739_[15:situacao_da_audiencia:11]_sem-extra";"71";"12739";
"71_12741_[15:situacao_da_audiencia:11]_sem-extra";"71";"12741";
"71_12742_[15:situacao_da_audiencia:11]_sem-extra";"71";"12742";
"71_12743_[15:situacao_da_audiencia:11]_sem-extra";"71";"12743";
"71_12744_[15:situacao_da_audiencia:11]_sem-extra";"71";"12744";
"71_12745_[15:situacao_da_audiencia:11]_sem-extra";"71";"12745";
"71_12746_[15:situacao_da_audiencia:11]_sem-extra";"71";"12746";
"71_12747_[15:situacao_da_audiencia:11]_sem-extra";"71";"12747";
"71_12749_[15:situacao_da_audiencia:11]_sem-extra";"71";"12749";
"71_12750_[15:situacao_da_audiencia:11]_sem-extra";"71";"12750";
"71_12751_[15:situacao_da_audiencia:11]_sem-extra";"71";"12751";
"71_12753_[15:situacao_da_audiencia:11]_sem-extra";"71";"12753";
"71_14096_[15:situacao_da_audiencia:11]_sem-extra";"71";"14096";
"71_15050_[15:situacao_da_audiencia:11]_sem-extra";"71";"15050";
"71_15049_[15:situacao_da_audiencia:11]_sem-extra";"71";"15049";
"71_15045_[15:situacao_da_audiencia:11]_sem-extra";"71";"15045";
"71_15188_[15:situacao_da_audiencia:11]_sem-extra";"71";"15188";
"78_970_[15:situacao_da_audiencia:15;16:tipo_de_audiencia:16]_sem-extra";"78";"970";
"78_970_[15:situacao_da_audiencia:15;16:tipo_de_audiencia:18]_sem-extra";"78";"970";
"78_970_[15:situacao_da_audiencia:15;16:tipo_de_audiencia:19]_sem-extra";"78";"970";
"78_970_[15:situacao_da_audiencia:15;16:tipo_de_audiencia:193]_sem-extra";"78";"970";
"78_970_[15:situacao_da_audiencia:15;16:tipo_de_audiencia:20]_sem-extra";"78";"970";
"78_970_[15:situacao_da_audiencia:15;16:tipo_de_audiencia:21]_sem-extra";"78";"970";
"78_970_[15:situacao_da_audiencia:15;16:tipo_de_audiencia:22]_sem-extra";"78";"970";
"78_970_[15:situacao_da_audiencia:15;16:tipo_de_audiencia:228]_sem-extra";"78";"970";
"78_970_[15:situacao_da_audiencia:15;16:tipo_de_audiencia:23]_sem-extra";"78";"970";
"78_970_[15:situacao_da_audiencia:15;16:tipo_de_audiencia:24]_sem-extra";"78";"970";
"78_970_[15:situacao_da_audiencia:15;16:tipo_de_audiencia:25]_sem-extra";"78";"970";
"78_970_[15:situacao_da_audiencia:15;16:tipo_de_audiencia:91]_sem-extra";"78";"970";
"78_12739_[15:situacao_da_audiencia:15]_sem-extra";"78";"12739";
"78_12741_[15:situacao_da_audiencia:15]_sem-extra";"78";"12741";
"78_12742_[15:situacao_da_audiencia:15]_sem-extra";"78";"12742";
"78_12743_[15:situacao_da_audiencia:15]_sem-extra";"78";"12743";
"78_12744_[15:situacao_da_audiencia:15]_sem-extra";"78";"12744";
"78_12745_[15:situacao_da_audiencia:15]_sem-extra";"78";"12745";
"78_12746_[15:situacao_da_audiencia:15]_sem-extra";"78";"12746";
"78_12747_[15:situacao_da_audiencia:15]_sem-extra";"78";"12747";
"78_12749_[15:situacao_da_audiencia:15]_sem-extra";"78";"12749";
"78_12750_[15:situacao_da_audiencia:15]_sem-extra";"78";"12750";
"78_12751_[15:situacao_da_audiencia:15]_sem-extra";"78";"12751";
"78_12753_[15:situacao_da_audiencia:15]_sem-extra";"78";"12753";
"78_14096_[15:situacao_da_audiencia:15]_sem-extra";"78";"14096";
"78_15050_[15:situacao_da_audiencia:15]_sem-extra";"78";"15050";
"78_15049_[15:situacao_da_audiencia:15]_sem-extra";"78";"15049";
"78_15045_[15:situacao_da_audiencia:15]_sem-extra";"78";"15045";
"78_15188_[15:situacao_da_audiencia:15]_sem-extra";"78";"15188";
"7_970_[15:situacao_da_audiencia:9;16:tipo_de_audiencia:16]_sem-extra";"7";"970";
"7_970_[15:situacao_da_audiencia:9;16:tipo_de_audiencia:18]_sem-extra";"7";"970";
"7_970_[15:situacao_da_audiencia:9;16:tipo_de_audiencia:19]_sem-extra";"7";"970";
"7_970_[15:situacao_da_audiencia:9;16:tipo_de_audiencia:193]_sem-extra";"7";"970";
"7_970_[15:situacao_da_audiencia:9;16:tipo_de_audiencia:20]_sem-extra";"7";"970";
"7_970_[15:situacao_da_audiencia:9;16:tipo_de_audiencia:21]_sem-extra";"7";"970";
"7_970_[15:situacao_da_audiencia:9;16:tipo_de_audiencia:22]_sem-extra";"7";"970";
"7_970_[15:situacao_da_audiencia:9;16:tipo_de_audiencia:228]_sem-extra";"7";"970";
"7_970_[15:situacao_da_audiencia:9;16:tipo_de_audiencia:23]_sem-extra";"7";"970";
"7_970_[15:situacao_da_audiencia:9;16:tipo_de_audiencia:24]_sem-extra";"7";"970";
"7_970_[15:situacao_da_audiencia:9;16:tipo_de_audiencia:25]_sem-extra";"7";"970";
"7_12739_[15:situacao_da_audiencia:9]_sem-extra";"7";"12739";
"7_12741_[15:situacao_da_audiencia:9]_sem-extra";"7";"12741";
"7_12742_[15:situacao_da_audiencia:9]_sem-extra";"7";"12742";
"7_12743_[15:situacao_da_audiencia:9]_sem-extra";"7";"12743";
"7_12744_[15:situacao_da_audiencia:9]_sem-extra";"7";"12744";
"7_12745_[15:situacao_da_audiencia:9]_sem-extra";"7";"12745";
"7_12746_[15:situacao_da_audiencia:9]_sem-extra";"7";"12746";
"7_12747_[15:situacao_da_audiencia:9]_sem-extra";"7";"12747";
"7_12749_[15:situacao_da_audiencia:9]_sem-extra";"7";"12749";
"7_12750_[15:situacao_da_audiencia:9]_sem-extra";"7";"12750";
"7_12751_[15:situacao_da_audiencia:9]_sem-extra";"7";"12751";
"7_12753_[15:situacao_da_audiencia:9]_sem-extra";"7";"12753";
"7_14096_[15:situacao_da_audiencia:9]_sem-extra";"7";"14096";
"7_970_[15:situacao_da_audiencia:9;16:tipo_de_audiencia:91]_sem-extra";"7";"970";
"7_15050_[15:situacao_da_audiencia:9]_sem-extra";"7";"15050";
"7_15049_[15:situacao_da_audiencia:9]_sem-extra";"7";"15049";
"7_15045_[15:situacao_da_audiencia:9]_sem-extra";"7";"15045";
"7_15188_[15:situacao_da_audiencia:9]_sem-extra";"7";"15188";
"79_970_[15:situacao_da_audiencia:14;16:tipo_de_audiencia:16]_sem-extra";"79";"970";
"79_970_[15:situacao_da_audiencia:14;16:tipo_de_audiencia:18]_sem-extra";"79";"970";
"79_970_[15:situacao_da_audiencia:14;16:tipo_de_audiencia:19]_sem-extra";"79";"970";
"79_970_[15:situacao_da_audiencia:14;16:tipo_de_audiencia:193]_sem-extra";"79";"970";
"79_970_[15:situacao_da_audiencia:14;16:tipo_de_audiencia:20]_sem-extra";"79";"970";
"79_970_[15:situacao_da_audiencia:14;16:tipo_de_audiencia:21]_sem-extra";"79";"970";
"79_970_[15:situacao_da_audiencia:14;16:tipo_de_audiencia:22]_sem-extra";"79";"970";
"79_970_[15:situacao_da_audiencia:14;16:tipo_de_audiencia:228]_sem-extra";"79";"970";
"79_970_[15:situacao_da_audiencia:14;16:tipo_de_audiencia:23]_sem-extra";"79";"970";
"79_970_[15:situacao_da_audiencia:14;16:tipo_de_audiencia:24]_sem-extra";"79";"970";
"79_970_[15:situacao_da_audiencia:14;16:tipo_de_audiencia:25]_sem-extra";"79";"970";
"79_970_[15:situacao_da_audiencia:14;16:tipo_de_audiencia:91]_sem-extra";"79";"970";
"79_12739_[15:situacao_da_audiencia:14]_sem-extra";"79";"12739";
"79_12741_[15:situacao_da_audiencia:14]_sem-extra";"79";"12741";
"79_12742_[15:situacao_da_audiencia:14]_sem-extra";"79";"12742";
"79_12743_[15:situacao_da_audiencia:14]_sem-extra";"79";"12743";
"79_12744_[15:situacao_da_audiencia:14]_sem-extra";"79";"12744";
"79_12745_[15:situacao_da_audiencia:14]_sem-extra";"79";"12745";
"79_12746_[15:situacao_da_audiencia:14]_sem-extra";"79";"12746";
"79_12747_[15:situacao_da_audiencia:14]_sem-extra";"79";"12747";
"79_12749_[15:situacao_da_audiencia:14]_sem-extra";"79";"12749";
"79_12750_[15:situacao_da_audiencia:14]_sem-extra";"79";"12750";
"79_12751_[15:situacao_da_audiencia:14]_sem-extra";"79";"12751";
"79_12753_[15:situacao_da_audiencia:14]_sem-extra";"79";"12753";
"79_14096_[15:situacao_da_audiencia:14]_sem-extra";"79";"14096";
"79_15050_[15:situacao_da_audiencia:14]_sem-extra";"79";"15050";
"79_15049_[15:situacao_da_audiencia:14]_sem-extra";"79";"15049";
"79_15045_[15:situacao_da_audiencia:14]_sem-extra";"79";"15045";
"79_15188_[15:situacao_da_audiencia:14]_sem-extra";"79";"15188";
"116_14999_sem-complemento_sem-extra";"116";"14999";
"8_970_[15:situacao_da_audiencia:13;16:tipo_de_audiencia:16]_sem-extra";"8";"970";
"8_970_[15:situacao_da_audiencia:13;16:tipo_de_audiencia:18]_sem-extra";"8";"970";
"8_970_[15:situacao_da_audiencia:13;16:tipo_de_audiencia:184]_sem-extra";"8";"970";
"8_970_[15:situacao_da_audiencia:13;16:tipo_de_audiencia:19]_sem-extra";"8";"970";
"8_970_[15:situacao_da_audiencia:13;16:tipo_de_audiencia:193]_sem-extra";"8";"970";
"8_970_[15:situacao_da_audiencia:13;16:tipo_de_audiencia:20]_sem-extra";"8";"970";
"8_970_[15:situacao_da_audiencia:13;16:tipo_de_audiencia:21]_sem-extra";"8";"970";
"8_970_[15:situacao_da_audiencia:13;16:tipo_de_audiencia:22]_sem-extra";"8";"970";
"8_970_[15:situacao_da_audiencia:13;16:tipo_de_audiencia:228]_sem-extra";"8";"970";
"8_970_[15:situacao_da_audiencia:13;16:tipo_de_audiencia:23]_sem-extra";"8";"970";
"8_970_[15:situacao_da_audiencia:13;16:tipo_de_audiencia:24]_sem-extra";"8";"970";
"8_970_[15:situacao_da_audiencia:13;16:tipo_de_audiencia:25]_sem-extra";"8";"970";
"8_970_[15:situacao_da_audiencia:13;16:tipo_de_audiencia:91]_sem-extra";"8";"970";
"8_12739_[15:situacao_da_audiencia:13]_sem-extra";"8";"12739";
"8_12741_[15:situacao_da_audiencia:13]_sem-extra";"8";"12741";
"8_12742_[15:situacao_da_audiencia:13]_sem-extra";"8";"12742";
"8_12743_[15:situacao_da_audiencia:13]_sem-extra";"8";"12743";
"8_12744_[15:situacao_da_audiencia:13]_sem-extra";"8";"12744";
"8_12745_[15:situacao_da_audiencia:13]_sem-extra";"8";"12745";
"8_12746_[15:situacao_da_audiencia:13]_sem-extra";"8";"12746";
"8_12747_[15:situacao_da_audiencia:13]_sem-extra";"8";"12747";
"8_12749_[15:situacao_da_audiencia:13]_sem-extra";"8";"12749";
"8_12750_[15:situacao_da_audiencia:13]_sem-extra";"8";"12750";
"8_12751_[15:situacao_da_audiencia:13]_sem-extra";"8";"12751";
"8_12753_[15:situacao_da_audiencia:13]_sem-extra";"8";"12753";
"8_14096_[15:situacao_da_audiencia:13]_sem-extra";"8";"14096";
"8_15050_[15:situacao_da_audiencia:13]_sem-extra";"8";"15050";
"8_15049_[15:situacao_da_audiencia:13]_sem-extra";"8";"15049";
"8_15045_[15:situacao_da_audiencia:13]_sem-extra";"8";"15045";
"8_15188_[15:situacao_da_audiencia:13]_sem-extra";"8";"15188";
"80_970_[15:situacao_da_audiencia:10;16:tipo_de_audiencia:16]_sem-extra";"80";"970";
"80_970_[15:situacao_da_audiencia:10;16:tipo_de_audiencia:18]_sem-extra";"80";"970";
"80_970_[15:situacao_da_audiencia:10;16:tipo_de_audiencia:19]_sem-extra";"80";"970";
"80_970_[15:situacao_da_audiencia:10;16:tipo_de_audiencia:193]_sem-extra";"80";"970";
"80_970_[15:situacao_da_audiencia:10;16:tipo_de_audiencia:20]_sem-extra";"80";"970";
"80_970_[15:situacao_da_audiencia:10;16:tipo_de_audiencia:21]_sem-extra";"80";"970";
"80_970_[15:situacao_da_audiencia:10;16:tipo_de_audiencia:22]_sem-extra";"80";"970";
"80_970_[15:situacao_da_audiencia:10;16:tipo_de_audiencia:228]_sem-extra";"80";"970";
"80_970_[15:situacao_da_audiencia:10;16:tipo_de_audiencia:23]_sem-extra";"80";"970";
"80_970_[15:situacao_da_audiencia:10;16:tipo_de_audiencia:24]_sem-extra";"80";"970";
"80_970_[15:situacao_da_audiencia:10;16:tipo_de_audiencia:25]_sem-extra";"80";"970";
"80_970_[15:situacao_da_audiencia:10;16:tipo_de_audiencia:91]_sem-extra";"80";"970";
"80_12739_[15:situacao_da_audiencia:10]_sem-extra";"80";"12739";
"80_12741_[15:situacao_da_audiencia:10]_sem-extra";"80";"12741";
"80_12742_[15:situacao_da_audiencia:10]_sem-extra";"80";"12742";
"80_12743_[15:situacao_da_audiencia:10]_sem-extra";"80";"12743";
"80_12744_[15:situacao_da_audiencia:10]_sem-extra";"80";"12744";
"80_12745_[15:situacao_da_audiencia:10]_sem-extra";"80";"12745";
"80_12746_[15:situacao_da_audiencia:10]_sem-extra";"80";"12746";
"80_12747_[15:situacao_da_audiencia:10]_sem-extra";"80";"12747";
"80_12749_[15:situacao_da_audiencia:10]_sem-extra";"80";"12749";
"80_12750_[15:situacao_da_audiencia:10]_sem-extra";"80";"12750";
"80_12751_[15:situacao_da_audiencia:10]_sem-extra";"80";"12751";
"80_12753_[15:situacao_da_audiencia:10]_sem-extra";"80";"12753";
"80_14096_[15:situacao_da_audiencia:10]_sem-extra";"80";"14096";
"80_15050_[15:situacao_da_audiencia:10]_sem-extra";"80";"15050";
"80_15049_[15:situacao_da_audiencia:10]_sem-extra";"80";"15049";
"80_15045_[15:situacao_da_audiencia:10]_sem-extra";"80";"15045";
"80_15188_[15:situacao_da_audiencia:10]_sem-extra";"80";"15188";
"110_14732_sem-complemento_sem-extra";"110";"14732";
"10_22_sem-complemento_sem-extra";"10";"22";
"109_12295_sem-complemento_sem-extra";"109";"12295";
"13_16_sem-complemento_sem-extra";"13";"16";
"13_478_sem-complemento_sem-extra";"13";"478";
"13_479_sem-complemento_sem-extra";"13";"479";
"13_480_sem-complemento_sem-extra";"13";"480";
"13_481_sem-complemento_sem-extra";"13";"481";
"11_123_[18:motivo_da_remessa:39]_sem-extra";"11";"123";
"11_982_[18:motivo_da_remessa:39]_sem-extra";"11";"982";
"81_10966_[27:classe_nova:283]_sem-extra";"81";"10966";
"81_10966_[27:classe_nova:10943]_sem-extra";"81";"10966";
"81_10966_[27:classe_nova:10944]_sem-extra";"81";"10966";
"81_10966_[27:classe_nova:293]_sem-extra";"81";"10966";
"81_10966_[27:classe_nova:294]_sem-extra";"81";"10966";
"81_10966_[27:classe_nova:295]_sem-extra";"81";"10966";
"81_10966_[27:classe_nova:297]_sem-extra";"81";"10966";
"81_10966_[27:classe_nova:300]_sem-extra";"81";"10966";
"81_10966_[27:classe_nova:302]_sem-extra";"81";"10966";
"81_10966_[27:classe_nova:289]_sem-extra";"81";"10966";
"81_10966_[27:classe_nova:288]_sem-extra";"81";"10966";
"81_10966_[27:classe_nova:287]_sem-extra";"81";"10966";
"81_10966_[27:classe_nova:11037]_sem-extra";"81";"10966";
"81_10966_[27:classe_nova:1033]_sem-extra";"81";"10966";
"81_10966_[27:classe_nova:299]_sem-extra";"81";"10966";
"81_10966_[27:classe_nova:290]_sem-extra";"81";"10966";
"81_10966_[27:classe_nova:1317]_sem-extra";"81";"10966";
"81_10966_[27:classe_nova:11528]_sem-extra";"81";"10966";
"81_14739_[27:classe_nova:283]_sem-extra";"81";"14739";
"81_14739_[27:classe_nova:10943]_sem-extra";"81";"14739";
"81_14739_[27:classe_nova:10944]_sem-extra";"81";"14739";
"81_14739_[27:classe_nova:293]_sem-extra";"81";"14739";
"81_14739_[27:classe_nova:294]_sem-extra";"81";"14739";
"81_14739_[27:classe_nova:295]_sem-extra";"81";"14739";
"81_14739_[27:classe_nova:297]_sem-extra";"81";"14739";
"81_14739_[27:classe_nova:300]_sem-extra";"81";"14739";
"81_14739_[27:classe_nova:302]_sem-extra";"81";"14739";
"81_14739_[27:classe_nova:289]_sem-extra";"81";"14739";
"81_14739_[27:classe_nova:288]_sem-extra";"81";"14739";
"81_14739_[27:classe_nova:287]_sem-extra";"81";"14739";
"81_14739_[27:classe_nova:11037]_sem-extra";"81";"14739";
"81_14739_[27:classe_nova:1033]_sem-extra";"81";"14739";
"81_14739_[27:classe_nova:299]_sem-extra";"81";"14739";
"81_14739_[27:classe_nova:290]_sem-extra";"81";"14739";
"81_14739_[27:classe_nova:1317]_sem-extra";"81";"14739";
"81_14739_[27:classe_nova:11528]_sem-extra";"81";"14739";
"81_10966_[27:classe_nova:282]_sem-extra";"81";"10966";
"81_14739_[27:classe_nova:282]_sem-extra";"81";"14739";
"133_14738_sem-complemento_sem-extra";"133";"14738";
"108_12294_sem-complemento_sem-extra";"108";"12294";
"90_12041_sem-complemento_sem-extra";"90";"12041";
"136_15101_sem-complemento_sem-extra";"136";"15101";
"12_51_sem-complemento_sem-extra";"12";"51";
"111_12277_sem-complemento_sem-extra";"111";"12277";
"69_51_[3:tipo_de_conclusao:189]_sem-extra";"69";"51";
"67_51_[3:tipo_de_conclusao:6]_sem-extra";"67";"51";
"66_51_[3:tipo_de_conclusao:5]_sem-extra";"66";"51";
"68_51_[3:tipo_de_conclusao:36]_sem-extra";"68";"51";
"14_434_sem-complemento_sem-extra";"14";"434";
"14_12456_sem-complemento_sem-extra";"14";"12456";
"15_198_sem-complemento_sem-extra";"15";"198";
"15_200_sem-complemento_sem-extra";"15";"200";
"15_871_sem-complemento_sem-extra";"15";"871";
"15_15162_sem-complemento_sem-extra";"15";"15162";
"15_15163_sem-complemento_sem-extra";"15";"15163";
"15_15164_sem-complemento_sem-extra";"15";"15164";
"16_377_sem-complemento_sem-extra";"16";"377";
"16_12733_sem-complemento_sem-extra";"16";"12733";
"17_15203_sem-complemento_sem-extra";"17";"15203";
"17_3_sem-complemento_sem-extra";"17";"3";
"17_7_sem-complemento_sem-extra";"17";"7";
"17_11_sem-complemento_sem-extra";"17";"11";
"17_56_sem-complemento_sem-extra";"17";"56";
"17_63_sem-complemento_sem-extra";"17";"63";
"17_83_sem-complemento_sem-extra";"17";"83";
"17_108_sem-complemento_sem-extra";"17";"108";
"17_113_sem-complemento_sem-extra";"17";"113";
"17_117_sem-complemento_sem-extra";"17";"117";
"17_122_sem-complemento_sem-extra";"17";"122";
"17_133_sem-complemento_sem-extra";"17";"133";
"17_138_sem-complemento_sem-extra";"17";"138";
"17_146_sem-complemento_sem-extra";"17";"146";
"17_151_sem-complemento_sem-extra";"17";"151";
"17_157_sem-complemento_sem-extra";"17";"157";
"17_160_sem-complemento_sem-extra";"17";"160";
"17_163_sem-complemento_sem-extra";"17";"163";
"17_172_sem-complemento_sem-extra";"17";"172";
"17_190_sem-complemento_sem-extra";"17";"190";
"17_206_sem-complemento_sem-extra";"17";"206";
"17_207_sem-complemento_sem-extra";"17";"207";
"17_378_sem-complemento_sem-extra";"17";"378";
"17_817_sem-complemento_sem-extra";"17";"817";
"17_888_sem-complemento_sem-extra";"17";"888";
"17_961_sem-complemento_sem-extra";"17";"961";
"17_968_sem-complemento_sem-extra";"17";"968";
"17_1008_sem-complemento_sem-extra";"17";"1008";
"17_1013_sem-complemento_sem-extra";"17";"1013";
"17_12092_sem-complemento_sem-extra";"17";"12092";
"17_12093_sem-complemento_sem-extra";"17";"12093";
"17_12141_sem-complemento_sem-extra";"17";"12141";
"17_12144_sem-complemento_sem-extra";"17";"12144";
"17_12163_sem-complemento_sem-extra";"17";"12163";
"17_12164_sem-complemento_sem-extra";"17";"12164";
"17_12185_sem-complemento_sem-extra";"17";"12185";
"17_12206_sem-complemento_sem-extra";"17";"12206";
"17_12208_sem-complemento_sem-extra";"17";"12208";
"17_12210_sem-complemento_sem-extra";"17";"12210";
"17_12299_sem-complemento_sem-extra";"17";"12299";
"17_12300_sem-complemento_sem-extra";"17";"12300";
"17_12307_sem-complemento_sem-extra";"17";"12307";
"17_12318_sem-complemento_sem-extra";"17";"12318";
"17_12320_sem-complemento_sem-extra";"17";"12320";
"17_12332_sem-complemento_sem-extra";"17";"12332";
"17_12359_sem-complemento_sem-extra";"17";"12359";
"17_12387_sem-complemento_sem-extra";"17";"12387";
"17_12425_sem-complemento_sem-extra";"17";"12425";
"17_12432_sem-complemento_sem-extra";"17";"12432";
"17_12444_sem-complemento_sem-extra";"17";"12444";
"17_12455_sem-complemento_sem-extra";"17";"12455";
"17_12477_sem-complemento_sem-extra";"17";"12477";
"17_12647_sem-complemento_sem-extra";"17";"12647";
"17_12736_sem-complemento_sem-extra";"17";"12736";
"17_12765_sem-complemento_sem-extra";"17";"12765";
"17_12768_sem-complemento_sem-extra";"17";"12768";
"17_12769_sem-complemento_sem-extra";"17";"12769";
"17_14230_sem-complemento_sem-extra";"17";"14230";
"17_14231_sem-complemento_sem-extra";"17";"14231";
"17_14681_sem-complemento_sem-extra";"17";"14681";
"17_128_sem-complemento_sem-extra";"17";"128";
"17_175_sem-complemento_sem-extra";"17";"175";
"17_266_sem-complemento_sem-extra";"17";"266";
"17_269_sem-complemento_sem-extra";"17";"269";
"17_335_sem-complemento_sem-extra";"17";"335";
"17_347_sem-complemento_sem-extra";"17";"347";
"17_348_sem-complemento_sem-extra";"17";"348";
"17_352_sem-complemento_sem-extra";"17";"352";
"17_353_sem-complemento_sem-extra";"17";"353";
"17_354_sem-complemento_sem-extra";"17";"354";
"17_355_sem-complemento_sem-extra";"17";"355";
"17_357_sem-complemento_sem-extra";"17";"357";
"17_358_sem-complemento_sem-extra";"17";"358";
"17_371_sem-complemento_sem-extra";"17";"371";
"17_373_sem-complemento_sem-extra";"17";"373";
"17_374_sem-complemento_sem-extra";"17";"374";
"17_381_sem-complemento_sem-extra";"17";"381";
"17_383_sem-complemento_sem-extra";"17";"383";
"17_388_sem-complemento_sem-extra";"17";"388";
"17_389_sem-complemento_sem-extra";"17";"389";
"17_390_sem-complemento_sem-extra";"17";"390";
"17_392_sem-complemento_sem-extra";"17";"392";
"17_399_sem-complemento_sem-extra";"17";"399";
"17_400_sem-complemento_sem-extra";"17";"400";
"17_429_sem-complemento_sem-extra";"17";"429";
"17_430_sem-complemento_sem-extra";"17";"430";
"17_431_sem-complemento_sem-extra";"17";"431";
"17_432_sem-complemento_sem-extra";"17";"432";
"17_433_sem-complemento_sem-extra";"17";"433";
"17_788_sem-complemento_sem-extra";"17";"788";
"17_799_sem-complemento_sem-extra";"17";"799";
"17_803_sem-complemento_sem-extra";"17";"803";
"17_804_sem-complemento_sem-extra";"17";"804";
"17_818_sem-complemento_sem-extra";"17";"818";
"17_819_sem-complemento_sem-extra";"17";"819";
"17_821_sem-complemento_sem-extra";"17";"821";
"17_823_sem-complemento_sem-extra";"17";"823";
"17_824_sem-complemento_sem-extra";"17";"824";
"17_905_sem-complemento_sem-extra";"17";"905";
"17_940_sem-complemento_sem-extra";"17";"940";
"17_941_sem-complemento_sem-extra";"17";"941";
"17_944_sem-complemento_sem-extra";"17";"944";
"17_945_sem-complemento_sem-extra";"17";"945";
"17_988_sem-complemento_sem-extra";"17";"988";
"17_990_sem-complemento_sem-extra";"17";"990";
"17_1002_sem-complemento_sem-extra";"17";"1002";
"17_1003_sem-complemento_sem-extra";"17";"1003";
"17_1004_sem-complemento_sem-extra";"17";"1004";
"17_1009_sem-complemento_sem-extra";"17";"1009";
"17_1010_sem-complemento_sem-extra";"17";"1010";
"17_1011_sem-complemento_sem-extra";"17";"1011";
"17_1014_sem-complemento_sem-extra";"17";"1014";
"17_1015_sem-complemento_sem-extra";"17";"1015";
"17_1016_sem-complemento_sem-extra";"17";"1016";
"17_1018_sem-complemento_sem-extra";"17";"1018";
"17_1019_sem-complemento_sem-extra";"17";"1019";
"17_1060_sem-complemento_sem-extra";"17";"1060";
"17_10962_sem-complemento_sem-extra";"17";"10962";
"17_10963_sem-complemento_sem-extra";"17";"10963";
"17_11002_sem-complemento_sem-extra";"17";"11002";
"17_11011_sem-complemento_sem-extra";"17";"11011";
"17_11382_sem-complemento_sem-extra";"17";"11382";
"17_11393_sem-complemento_sem-extra";"17";"11393";
"17_11395_sem-complemento_sem-extra";"17";"11395";
"17_11415_sem-complemento_sem-extra";"17";"11415";
"17_11423_sem-complemento_sem-extra";"17";"11423";
"17_11424_sem-complemento_sem-extra";"17";"11424";
"17_11425_sem-complemento_sem-extra";"17";"11425";
"17_11426_sem-complemento_sem-extra";"17";"11426";
"17_11554_sem-complemento_sem-extra";"17";"11554";
"17_12033_sem-complemento_sem-extra";"17";"12033";
"17_12034_sem-complemento_sem-extra";"17";"12034";
"17_12035_sem-complemento_sem-extra";"17";"12035";
"17_12036_sem-complemento_sem-extra";"17";"12036";
"17_12037_sem-complemento_sem-extra";"17";"12037";
"17_12038_sem-complemento_sem-extra";"17";"12038";
"17_12039_sem-complemento_sem-extra";"17";"12039";
"17_12040_sem-complemento_sem-extra";"17";"12040";
"17_12094_sem-complemento_sem-extra";"17";"12094";
"17_12095_sem-complemento_sem-extra";"17";"12095";
"17_12096_sem-complemento_sem-extra";"17";"12096";
"17_12097_sem-complemento_sem-extra";"17";"12097";
"17_12140_sem-complemento_sem-extra";"17";"12140";
"17_12145_sem-complemento_sem-extra";"17";"12145";
"17_12146_sem-complemento_sem-extra";"17";"12146";
"17_12147_sem-complemento_sem-extra";"17";"12147";
"17_12148_sem-complemento_sem-extra";"17";"12148";
"17_12149_sem-complemento_sem-extra";"17";"12149";
"17_12150_sem-complemento_sem-extra";"17";"12150";
"17_12151_sem-complemento_sem-extra";"17";"12151";
"17_12188_sem-complemento_sem-extra";"17";"12188";
"17_12207_sem-complemento_sem-extra";"17";"12207";
"17_12209_sem-complemento_sem-extra";"17";"12209";
"17_12211_sem-complemento_sem-extra";"17";"12211";
"17_12213_sem-complemento_sem-extra";"17";"12213";
"17_12255_sem-complemento_sem-extra";"17";"12255";
"17_12261_sem-complemento_sem-extra";"17";"12261";
"17_12262_sem-complemento_sem-extra";"17";"12262";
"17_12301_sem-complemento_sem-extra";"17";"12301";
"17_12302_sem-complemento_sem-extra";"17";"12302";
"17_12303_sem-complemento_sem-extra";"17";"12303";
"17_12304_sem-complemento_sem-extra";"17";"12304";
"17_12305_sem-complemento_sem-extra";"17";"12305";
"17_12306_sem-complemento_sem-extra";"17";"12306";
"17_12308_sem-complemento_sem-extra";"17";"12308";
"17_12421_sem-complemento_sem-extra";"17";"12421";
"17_12422_sem-complemento_sem-extra";"17";"12422";
"17_12427_sem-complemento_sem-extra";"17";"12427";
"17_12428_sem-complemento_sem-extra";"17";"12428";
"17_12429_sem-complemento_sem-extra";"17";"12429";
"17_12430_sem-complemento_sem-extra";"17";"12430";
"17_12431_sem-complemento_sem-extra";"17";"12431";
"17_12445_sem-complemento_sem-extra";"17";"12445";
"17_12446_sem-complemento_sem-extra";"17";"12446";
"17_12447_sem-complemento_sem-extra";"17";"12447";
"17_12448_sem-complemento_sem-extra";"17";"12448";
"17_12454_sem-complemento_sem-extra";"17";"12454";
"17_12457_sem-complemento_sem-extra";"17";"12457";
"17_12467_sem-complemento_sem-extra";"17";"12467";
"17_12472_sem-complemento_sem-extra";"17";"12472";
"17_12473_sem-complemento_sem-extra";"17";"12473";
"17_12474_sem-complemento_sem-extra";"17";"12474";
"17_12646_sem-complemento_sem-extra";"17";"12646";
"17_12648_sem-complemento_sem-extra";"17";"12648";
"17_12734_sem-complemento_sem-extra";"17";"12734";
"17_12737_sem-complemento_sem-extra";"17";"12737";
"17_12766_sem-complemento_sem-extra";"17";"12766";
"17_12767_sem-complemento_sem-extra";"17";"12767";
"17_14232_sem-complemento_sem-extra";"17";"14232";
"17_14233_sem-complemento_sem-extra";"17";"14233";
"17_14234_sem-complemento_sem-extra";"17";"14234";
"17_14235_sem-complemento_sem-extra";"17";"14235";
"17_14682_sem-complemento_sem-extra";"17";"14682";
"17_14683_sem-complemento_sem-extra";"17";"14683";
"17_394_sem-complemento_sem-extra";"17";"394";
"17_1059_sem-complemento_sem-extra";"17";"1059";
"17_12180_sem-complemento_sem-extra";"17";"12180";
"17_12181_sem-complemento_sem-extra";"17";"12181";
"17_12182_sem-complemento_sem-extra";"17";"12182";
"17_12183_sem-complemento_sem-extra";"17";"12183";
"17_14730_sem-complemento_sem-extra";"17";"14730";
"17_14733_sem-complemento_sem-extra";"17";"14733";
"17_14776_sem-complemento_sem-extra";"17";"14776";
"17_14777_sem-complemento_sem-extra";"17";"14777";
"17_14778_sem-complemento_sem-extra";"17";"14778";
"17_15032_sem-complemento_sem-extra";"17";"15032";
"17_15061_sem-complemento_sem-extra";"17";"15061";
"17_15062_sem-complemento_sem-extra";"17";"15062";
"17_15063_sem-complemento_sem-extra";"17";"15063";
"17_15064_sem-complemento_sem-extra";"17";"15064";
"17_15065_sem-complemento_sem-extra";"17";"15065";
"17_15078_sem-complemento_sem-extra";"17";"15078";
"17_15079_sem-complemento_sem-extra";"17";"15079";
"17_15080_sem-complemento_sem-extra";"17";"15080";
"17_15081_sem-complemento_sem-extra";"17";"15081";
"17_15082_sem-complemento_sem-extra";"17";"15082";
"17_15083_sem-complemento_sem-extra";"17";"15083";
"17_15084_sem-complemento_sem-extra";"17";"15084";
"17_15085_sem-complemento_sem-extra";"17";"15085";
"17_15086_sem-complemento_sem-extra";"17";"15086";
"17_15205_sem-complemento_sem-extra";"17";"15205";
"17_15206_sem-complemento_sem-extra";"17";"15206";
"17_15207_sem-complemento_sem-extra";"17";"15207";
"17_1017_sem-complemento_sem-extra";"17";"1017";
"17_15208_sem-complemento_sem-extra";"17";"15208";
"17_15209_sem-complemento_sem-extra";"17";"15209";
"17_15210_sem-complemento_sem-extra";"17";"15210";
"17_15223_sem-complemento_sem-extra";"17";"15223";
"17_15229_sem-complemento_sem-extra";"17";"15229";
"17_15230_sem-complemento_sem-extra";"17";"15230";
"17_15231_sem-complemento_sem-extra";"17";"15231";
"17_15232_sem-complemento_sem-extra";"17";"15232";
"17_15233_sem-complemento_sem-extra";"17";"15233";
"17_15234_sem-complemento_sem-extra";"17";"15234";
"17_15235_sem-complemento_sem-extra";"17";"15235";
"17_15244_sem-complemento_sem-extra";"17";"15244";
"18_202_sem-complemento_sem-extra";"18";"202";
"9_391_sem-complemento_sem-extra";"9";"391";
"9_393_sem-complemento_sem-extra";"9";"393";
"19_402_sem-complemento_sem-extra";"19";"402";
"19_404_sem-complemento_sem-extra";"19";"404";
"21_11009_sem-complemento_sem-extra";"21";"11009";
"21_11010_sem-complemento_sem-extra";"21";"11010";
"21_11019_sem-complemento_sem-extra";"21";"11019";
"21_11020_sem-complemento_sem-extra";"21";"11020";
"21_11021_sem-complemento_sem-extra";"21";"11021";
"21_12311_sem-complemento_sem-extra";"21";"12311";
"21_12312_sem-complemento_sem-extra";"21";"12312";
"21_12313_sem-complemento_sem-extra";"21";"12313";
"21_12314_sem-complemento_sem-extra";"21";"12314";
"21_11022_sem-complemento_sem-extra";"21";"11022";
"21_12310_sem-complemento_sem-extra";"21";"12310";
"21_11023_sem-complemento_sem-extra";"21";"11023";
"21_12449_sem-complemento_sem-extra";"21";"12449";
"21_12548_sem-complemento_sem-extra";"21";"12548";
"21_15216_sem-complemento_sem-extra";"21";"15216";
"21_15225_sem-complemento_sem-extra";"21";"15225";
"21_15226_sem-complemento_sem-extra";"21";"15226";
"145_15021_sem-complemento_sem-extra";"145";"15021";
"3_1063_sem-complemento_sem-extra";"3";"1063";
"64_12315_sem-complemento_sem-extra";"64";"12315";
"22_14091_sem-complemento_sem-extra";"22";"14091";
"53_1061_sem-complemento_sem-extra";"53";"1061";
"23_488_sem-complemento_sem-extra";"23";"488";
"23_12186_sem-complemento_sem-extra";"23";"12186";
"24_26_sem-complemento_sem-extra";"24";"26";
"63_493_sem-complemento_sem-extra";"63";"493";
"115_14737_sem-complemento_sem-extra";"115";"14737";
"26_10966_[27:classe_nova:12078]_sem-extra";"26";"10966";
"26_10966_[27:classe_nova:12246]_sem-extra";"26";"10966";
"26_10966_[27:classe_nova:151]_sem-extra";"26";"10966";
"26_10966_[27:classe_nova:152]_sem-extra";"26";"10966";
"26_10966_[27:classe_nova:156]_sem-extra";"26";"10966";
"26_85_[19:tipo_de_peticao:52]_sem-extra";"26";"85";
"26_14739_[27:classe_nova:152]_sem-extra";"26";"14739";
"26_14739_[27:classe_nova:12078]_sem-extra";"26";"14739";
"26_14739_[27:classe_nova:12246]_sem-extra";"26";"14739";
"26_14739_[27:classe_nova:151]_sem-extra";"26";"14739";
"26_14739_[27:classe_nova:156]_sem-extra";"26";"14739";
"117_15000_sem-complemento_sem-extra";"117";"15000";
"113_12278_sem-complemento_sem-extra";"113";"12278";
"113_12279_sem-complemento_sem-extra";"113";"12279";
"114_14736_sem-complemento_sem-extra";"114";"14736";
"54_11003_sem-complemento_sem-extra";"54";"11003";
"112_12280_sem-complemento_sem-extra";"112";"12280";
"62_193_sem-complemento_sem-extra";"62";"193";
"27_12187_sem-complemento_sem-extra";"27";"12187";
"27_385_sem-complemento_sem-extra";"27";"385";
"27_196_sem-complemento_sem-extra";"27";"196";
"27_208_sem-complemento_sem-extra";"27";"208";
"27_210_sem-complemento_sem-extra";"27";"210";
"27_212_sem-complemento_sem-extra";"27";"212";
"27_214_sem-complemento_sem-extra";"27";"214";
"27_219_sem-complemento_sem-extra";"27";"219";
"27_220_sem-complemento_sem-extra";"27";"220";
"27_221_sem-complemento_sem-extra";"27";"221";
"27_237_sem-complemento_sem-extra";"27";"237";
"27_238_sem-complemento_sem-extra";"27";"238";
"27_239_sem-complemento_sem-extra";"27";"239";
"27_240_sem-complemento_sem-extra";"27";"240";
"27_241_sem-complemento_sem-extra";"27";"241";
"27_242_sem-complemento_sem-extra";"27";"242";
"27_455_sem-complemento_sem-extra";"27";"455";
"27_471_sem-complemento_sem-extra";"27";"471";
"27_900_sem-complemento_sem-extra";"27";"900";
"27_901_sem-complemento_sem-extra";"27";"901";
"27_972_sem-complemento_sem-extra";"27";"972";
"27_973_sem-complemento_sem-extra";"27";"973";
"27_10964_sem-complemento_sem-extra";"27";"10964";
"27_11401_sem-complemento_sem-extra";"27";"11401";
"27_11402_sem-complemento_sem-extra";"27";"11402";
"27_11403_sem-complemento_sem-extra";"27";"11403";
"27_11404_sem-complemento_sem-extra";"27";"11404";
"27_11405_sem-complemento_sem-extra";"27";"11405";
"27_11406_sem-complemento_sem-extra";"27";"11406";
"27_11407_sem-complemento_sem-extra";"27";"11407";
"27_11408_sem-complemento_sem-extra";"27";"11408";
"27_11409_sem-complemento_sem-extra";"27";"11409";
"27_11795_sem-complemento_sem-extra";"27";"11795";
"27_11796_sem-complemento_sem-extra";"27";"11796";
"27_11876_sem-complemento_sem-extra";"27";"11876";
"27_11877_sem-complemento_sem-extra";"27";"11877";
"27_12252_sem-complemento_sem-extra";"27";"12252";
"27_12253_sem-complemento_sem-extra";"27";"12253";
"27_12254_sem-complemento_sem-extra";"27";"12254";
"27_12257_sem-complemento_sem-extra";"27";"12257";
"27_12258_sem-complemento_sem-extra";"27";"12258";
"27_12321_sem-complemento_sem-extra";"27";"12321";
"27_12326_sem-complemento_sem-extra";"27";"12326";
"27_12329_sem-complemento_sem-extra";"27";"12329";
"27_12330_sem-complemento_sem-extra";"27";"12330";
"27_12331_sem-complemento_sem-extra";"27";"12331";
"27_12433_sem-complemento_sem-extra";"27";"12433";
"27_12450_sem-complemento_sem-extra";"27";"12450";
"27_12615_sem-complemento_sem-extra";"27";"12615";
"27_12649_sem-complemento_sem-extra";"27";"12649";
"27_12650_sem-complemento_sem-extra";"27";"12650";
"27_12651_sem-complemento_sem-extra";"27";"12651";
"27_12652_sem-complemento_sem-extra";"27";"12652";
"27_12653_sem-complemento_sem-extra";"27";"12653";
"27_12654_sem-complemento_sem-extra";"27";"12654";
"27_12661_sem-complemento_sem-extra";"27";"12661";
"27_12664_sem-complemento_sem-extra";"27";"12664";
"27_12665_sem-complemento_sem-extra";"27";"12665";
"27_12678_sem-complemento_sem-extra";"27";"12678";
"27_14219_sem-complemento_sem-extra";"27";"14219";
"27_442_sem-complemento_sem-extra";"27";"442";
"27_443_sem-complemento_sem-extra";"27";"443";
"27_444_sem-complemento_sem-extra";"27";"444";
"27_445_sem-complemento_sem-extra";"27";"445";
"27_446_sem-complemento_sem-extra";"27";"446";
"27_447_sem-complemento_sem-extra";"27";"447";
"27_448_sem-complemento_sem-extra";"27";"448";
"27_449_sem-complemento_sem-extra";"27";"449";
"27_450_sem-complemento_sem-extra";"27";"450";
"27_451_sem-complemento_sem-extra";"27";"451";
"27_452_sem-complemento_sem-extra";"27";"452";
"27_453_sem-complemento_sem-extra";"27";"453";
"27_1042_sem-complemento_sem-extra";"27";"1042";
"27_1043_sem-complemento_sem-extra";"27";"1043";
"27_1044_sem-complemento_sem-extra";"27";"1044";
"27_1045_sem-complemento_sem-extra";"27";"1045";
"27_1046_sem-complemento_sem-extra";"27";"1046";
"27_1047_sem-complemento_sem-extra";"27";"1047";
"27_1048_sem-complemento_sem-extra";"27";"1048";
"27_1049_sem-complemento_sem-extra";"27";"1049";
"27_1050_sem-complemento_sem-extra";"27";"1050";
"27_10965_sem-complemento_sem-extra";"27";"10965";
"27_11411_sem-complemento_sem-extra";"27";"11411";
"27_11801_sem-complemento_sem-extra";"27";"11801";
"27_11878_sem-complemento_sem-extra";"27";"11878";
"27_11879_sem-complemento_sem-extra";"27";"11879";
"27_12032_sem-complemento_sem-extra";"27";"12032";
"27_12322_sem-complemento_sem-extra";"27";"12322";
"27_12323_sem-complemento_sem-extra";"27";"12323";
"27_12324_sem-complemento_sem-extra";"27";"12324";
"27_12327_sem-complemento_sem-extra";"27";"12327";
"27_12328_sem-complemento_sem-extra";"27";"12328";
"27_12434_sem-complemento_sem-extra";"27";"12434";
"27_12435_sem-complemento_sem-extra";"27";"12435";
"27_12436_sem-complemento_sem-extra";"27";"12436";
"27_12437_sem-complemento_sem-extra";"27";"12437";
"27_12438_sem-complemento_sem-extra";"27";"12438";
"27_12439_sem-complemento_sem-extra";"27";"12439";
"27_12440_sem-complemento_sem-extra";"27";"12440";
"27_12441_sem-complemento_sem-extra";"27";"12441";
"27_12442_sem-complemento_sem-extra";"27";"12442";
"27_12443_sem-complemento_sem-extra";"27";"12443";
"27_12451_sem-complemento_sem-extra";"27";"12451";
"27_12452_sem-complemento_sem-extra";"27";"12452";
"27_12453_sem-complemento_sem-extra";"27";"12453";
"27_12475_sem-complemento_sem-extra";"27";"12475";
"27_12616_sem-complemento_sem-extra";"27";"12616";
"27_12660_sem-complemento_sem-extra";"27";"12660";
"27_12662_sem-complemento_sem-extra";"27";"12662";
"27_12663_sem-complemento_sem-extra";"27";"12663";
"27_12666_sem-complemento_sem-extra";"27";"12666";
"27_12667_sem-complemento_sem-extra";"27";"12667";
"27_12668_sem-complemento_sem-extra";"27";"12668";
"27_12669_sem-complemento_sem-extra";"27";"12669";
"27_12670_sem-complemento_sem-extra";"27";"12670";
"27_12672_sem-complemento_sem-extra";"27";"12672";
"27_12673_sem-complemento_sem-extra";"27";"12673";
"27_12674_sem-complemento_sem-extra";"27";"12674";
"27_12675_sem-complemento_sem-extra";"27";"12675";
"27_12676_sem-complemento_sem-extra";"27";"12676";
"27_12677_sem-complemento_sem-extra";"27";"12677";
"27_12679_sem-complemento_sem-extra";"27";"12679";
"27_12680_sem-complemento_sem-extra";"27";"12680";
"27_12681_sem-complemento_sem-extra";"27";"12681";
"27_12682_sem-complemento_sem-extra";"27";"12682";
"27_12683_sem-complemento_sem-extra";"27";"12683";
"27_12684_sem-complemento_sem-extra";"27";"12684";
"27_12685_sem-complemento_sem-extra";"27";"12685";
"27_12686_sem-complemento_sem-extra";"27";"12686";
"27_12687_sem-complemento_sem-extra";"27";"12687";
"27_12688_sem-complemento_sem-extra";"27";"12688";
"27_12689_sem-complemento_sem-extra";"27";"12689";
"27_12690_sem-complemento_sem-extra";"27";"12690";
"27_12691_sem-complemento_sem-extra";"27";"12691";
"27_12692_sem-complemento_sem-extra";"27";"12692";
"27_12693_sem-complemento_sem-extra";"27";"12693";
"27_12694_sem-complemento_sem-extra";"27";"12694";
"27_12695_sem-complemento_sem-extra";"27";"12695";
"27_12696_sem-complemento_sem-extra";"27";"12696";
"27_12697_sem-complemento_sem-extra";"27";"12697";
"27_12698_sem-complemento_sem-extra";"27";"12698";
"27_12699_sem-complemento_sem-extra";"27";"12699";
"27_12700_sem-complemento_sem-extra";"27";"12700";
"27_12701_sem-complemento_sem-extra";"27";"12701";
"27_12702_sem-complemento_sem-extra";"27";"12702";
"27_12703_sem-complemento_sem-extra";"27";"12703";
"27_12704_sem-complemento_sem-extra";"27";"12704";
"27_12705_sem-complemento_sem-extra";"27";"12705";
"27_12706_sem-complemento_sem-extra";"27";"12706";
"27_12707_sem-complemento_sem-extra";"27";"12707";
"27_12708_sem-complemento_sem-extra";"27";"12708";
"27_12735_sem-complemento_sem-extra";"27";"12735";
"27_12792_sem-complemento_sem-extra";"27";"12792";
"27_14210_sem-complemento_sem-extra";"27";"14210";
"27_14211_sem-complemento_sem-extra";"27";"14211";
"27_14213_sem-complemento_sem-extra";"27";"14213";
"27_14214_sem-complemento_sem-extra";"27";"14214";
"27_14215_sem-complemento_sem-extra";"27";"14215";
"27_14216_sem-complemento_sem-extra";"27";"14216";
"27_14217_sem-complemento_sem-extra";"27";"14217";
"27_14680_sem-complemento_sem-extra";"27";"14680";
"27_12671_sem-complemento_sem-extra";"27";"12671";
"27_14937_sem-complemento_sem-extra";"27";"14937";
"27_15030_sem-complemento_sem-extra";"27";"15030";
"27_15029_sem-complemento_sem-extra";"27";"15029";
"27_15028_sem-complemento_sem-extra";"27";"15028";
"27_15027_sem-complemento_sem-extra";"27";"15027";
"27_15026_sem-complemento_sem-extra";"27";"15026";
"27_15024_sem-complemento_sem-extra";"27";"15024";
"27_15022_sem-complemento_sem-extra";"27";"15022";
"27_15023_sem-complemento_sem-extra";"27";"15023";
"27_15165_sem-complemento_sem-extra";"27";"15165";
"27_15166_sem-complemento_sem-extra";"27";"15166";
"27_15211_sem-complemento_sem-extra";"27";"15211";
"27_15212_sem-complemento_sem-extra";"27";"15212";
"27_15213_sem-complemento_sem-extra";"27";"15213";
"27_15214_sem-complemento_sem-extra";"27";"15214";
"27_15252_sem-complemento_sem-extra";"27";"15252";
"29_466_sem-complemento_sem-extra";"29";"466";
"29_884_sem-complemento_sem-extra";"29";"884";
"29_12738_sem-complemento_sem-extra";"29";"12738";
"29_14099_sem-complemento_sem-extra";"29";"14099";
"30_787_sem-complemento_sem-extra";"30";"787";
"30_11024_sem-complemento_sem-extra";"30";"11024";
"30_15103_sem-complemento_sem-extra";"30";"15103";
"31_334_sem-complemento_sem-extra";"31";"334";
"32_349_sem-complemento_sem-extra";"32";"349";
"97_14982_sem-complemento_sem-extra";"97";"14982";
"98_14981_sem-complemento_sem-extra";"98";"14981";
"20_12066_sem-complemento_sem-extra";"20";"12066";
"20_14974_sem-complemento_sem-extra";"20";"14974";
"106_12067_sem-complemento_sem-extra";"106";"12067";
"107_12068_sem-complemento_sem-extra";"107";"12068";
"99_14980_sem-complemento_sem-extra";"99";"14980";
"100_14979_sem-complemento_sem-extra";"100";"14979";
"105_14985_sem-complemento_sem-extra";"105";"14985";
"101_14984_sem-complemento_sem-extra";"101";"14984";
"103_14976_sem-complemento_sem-extra";"103";"14976";
"102_14975_sem-complemento_sem-extra";"102";"14975";
"104_14977_sem-complemento_sem-extra";"104";"14977";
"104_14978_sem-complemento_sem-extra";"104";"14978";
"104_14983_sem-complemento_sem-extra";"104";"14983";
"33_889_sem-complemento_sem-extra";"33";"889";
"33_332_sem-complemento_sem-extra";"33";"332";
"33_339_sem-complemento_sem-extra";"33";"339";
"33_892_sem-complemento_sem-extra";"33";"892";
"89_785_sem-complemento_sem-extra";"89";"785";
"89_792_sem-complemento_sem-extra";"89";"792";
"137_15168_sem-complemento_sem-extra";"137";"15168";
"91_11384_sem-complemento_sem-extra";"91";"11384";
"91_11385_sem-complemento_sem-extra";"91";"11385";
"34_12476_sem-complemento_sem-extra";"34";"12476";
"34_12478_sem-complemento_sem-extra";"34";"12478";
"34_12479_sem-complemento_sem-extra";"34";"12479";
"143_15183_sem-complemento_sem-extra";"143";"15183";
"55_14904_sem-complemento_sem-extra";"55";"14904";
"56_14906_sem-complemento_sem-extra";"56";"14906";
"57_14903_sem-complemento_sem-extra";"57";"14903";
"58_14908_sem-complemento_sem-extra";"58";"14908";
"59_14907_sem-complemento_sem-extra";"59";"14907";
"60_14905_sem-complemento_sem-extra";"60";"14905";
"35_12167_sem-complemento_sem-extra";"35";"12167";
"35_12174_sem-complemento_sem-extra";"35";"12174";
"36_12169_sem-complemento_sem-extra";"36";"12169";
"36_12176_sem-complemento_sem-extra";"36";"12176";
"140_14702_sem-complemento_sem-extra";"140";"14702";
"121_12759_[39:Tipo_Procedimento_Restaurativo:200]_sem-extra";"121";"12759";
"123_12759_[39:Tipo_Procedimento_Restaurativo:196]_sem-extra";"123";"12759";
"126_12759_[39:Tipo_Procedimento_Restaurativo:195]_sem-extra";"126";"12759";
"122_12759_[39:Tipo_Procedimento_Restaurativo:199]_sem-extra";"122";"12759";
"124_12759_[39:Tipo_Procedimento_Restaurativo:198]_sem-extra";"124";"12759";
"125_12759_[39:Tipo_Procedimento_Restaurativo:197]_sem-extra";"125";"12759";
"127_12759_[39:Tipo_Procedimento_Restaurativo:201]_sem-extra";"127";"12759";
"127_12759_sem-complemento_sem-extra";"127";"12759";
"72_10953_sem-complemento_sem-extra";"72";"10953";
"37_849_sem-complemento_sem-extra";"37";"849";
"38_132_sem-complemento_sem-extra";"38";"132";
"38_981_sem-complemento_sem-extra";"38";"981";
"131_12623_sem-complemento_sem-extra";"131";"12623";
"120_12619_sem-complemento_sem-extra";"120";"12619";
"119_12621_sem-complemento_sem-extra";"119";"12621";
"61_26_sem-complemento_quando registrado no grau G2 ou SUP";"61";"26";"quando registrado no grau G2 ou SUP"
"61_132_sem-complemento_quando registrado no grau G2 ou SUP";"61";"132";"quando registrado no grau G2 ou SUP"
"61_981_sem-complemento_quando registrado no grau G2 ou SUP";"61";"981";"quando registrado no grau G2 ou SUP"
"141_15058_sem-complemento_sem-extra";"141";"15058";
"141_15057_sem-complemento_sem-extra";"141";"15057";
"39_10966_[27:classe_nova:1000]_sem-extra";"39";"10966";
"39_10966_[27:classe_nova:1005]_sem-extra";"39";"10966";
"39_10966_[27:classe_nova:1006]_sem-extra";"39";"10966";
"39_10966_[27:classe_nova:1007]_sem-extra";"39";"10966";
"39_10966_[27:classe_nova:1015]_sem-extra";"39";"10966";
"39_10966_[27:classe_nova:1016]_sem-extra";"39";"10966";
"39_10966_[27:classe_nova:1037]_sem-extra";"39";"10966";
"39_10966_[27:classe_nova:1066]_sem-extra";"39";"10966";
"39_10966_[27:classe_nova:1137]_sem-extra";"39";"10966";
"39_10966_[27:classe_nova:1208]_sem-extra";"39";"10966";
"39_10966_[27:classe_nova:1319]_sem-extra";"39";"10966";
"39_10966_[27:classe_nova:1321]_sem-extra";"39";"10966";
"39_10966_[27:classe_nova:1327]_sem-extra";"39";"10966";
"39_10966_[27:classe_nova:1328]_sem-extra";"39";"10966";
"39_10966_[27:classe_nova:1329]_sem-extra";"39";"10966";
"39_10966_[27:classe_nova:1689]_sem-extra";"39";"10966";
"39_10966_[27:classe_nova:1729]_sem-extra";"39";"10966";
"39_10966_[27:classe_nova:206]_sem-extra";"39";"10966";
"39_10966_[27:classe_nova:208]_sem-extra";"39";"10966";
"39_10966_[27:classe_nova:210]_sem-extra";"39";"10966";
"39_10966_[27:classe_nova:420]_sem-extra";"39";"10966";
"39_10966_[27:classe_nova:421]_sem-extra";"39";"10966";
"39_85_[19:tipo_de_peticao:114]_sem-extra";"39";"85";
"39_85_[19:tipo_de_peticao:211]_sem-extra";"39";"85";
"39_85_[19:tipo_de_peticao:41]_sem-extra";"39";"85";
"39_85_[19:tipo_de_peticao:50]_sem-extra";"39";"85";
"39_14739_[27:classe_nova:1000]_sem-extra";"39";"14739";
"39_14739_[27:classe_nova:1005]_sem-extra";"39";"14739";
"39_14739_[27:classe_nova:1006]_sem-extra";"39";"14739";
"39_14739_[27:classe_nova:1007]_sem-extra";"39";"14739";
"39_14739_[27:classe_nova:1015]_sem-extra";"39";"14739";
"39_14739_[27:classe_nova:1016]_sem-extra";"39";"14739";
"39_14739_[27:classe_nova:1037]_sem-extra";"39";"14739";
"39_14739_[27:classe_nova:1066]_sem-extra";"39";"14739";
"39_14739_[27:classe_nova:1137]_sem-extra";"39";"14739";
"39_14739_[27:classe_nova:1208]_sem-extra";"39";"14739";
"39_14739_[27:classe_nova:1319]_sem-extra";"39";"14739";
"39_14739_[27:classe_nova:1321]_sem-extra";"39";"14739";
"39_14739_[27:classe_nova:1327]_sem-extra";"39";"14739";
"39_14739_[27:classe_nova:1328]_sem-extra";"39";"14739";
"39_14739_[27:classe_nova:1329]_sem-extra";"39";"14739";
"39_14739_[27:classe_nova:1689]_sem-extra";"39";"14739";
"39_14739_[27:classe_nova:1729]_sem-extra";"39";"14739";
"39_14739_[27:classe_nova:206]_sem-extra";"39";"14739";
"39_14739_[27:classe_nova:208]_sem-extra";"39";"14739";
"39_14739_[27:classe_nova:210]_sem-extra";"39";"14739";
"39_14739_[27:classe_nova:420]_sem-extra";"39";"14739";
"39_14739_[27:classe_nova:421]_sem-extra";"39";"14739";
"39_85_[19:tipo_de_peticao:210]_sem-extra";"39";"85";
"39_85_[19:tipo_de_peticao:49]_sem-extra";"39";"85";
"142_15060_sem-complemento_sem-extra";"142";"15060";
"142_15059_sem-complemento_sem-extra";"142";"15059";
"40_36_sem-complemento_sem-extra";"40";"36";
"154_123_[18:motivo_da_remessa:367]_sem-extra";"154";"123";
"154_982_[18:motivo_da_remessa:367]_sem-extra";"154";"982";
"41_123_[18:motivo_da_remessa:194]_sem-extra";"41";"123";
"41_123_[18:motivo_da_remessa:38]_sem-extra";"41";"123";
"41_123_[18:motivo_da_remessa:90]_sem-extra";"41";"123";
"41_982_[18:motivo_da_remessa:194]_sem-extra";"41";"982";
"41_982_[18:motivo_da_remessa:38]_sem-extra";"41";"982";
"41_982_[18:motivo_da_remessa:90]_sem-extra";"41";"982";
"130_12622_sem-complemento_sem-extra";"130";"12622";
"118_12618_sem-complemento_sem-extra";"118";"12618";
"118_12614_sem-complemento_sem-extra";"118";"12614";
"134_123_[18:motivo_da_remessa:267]_sem-extra";"134";"123";
"134_982_[18:motivo_da_remessa:267]_sem-extra";"134";"982";
"153_123_[18:motivo_da_remessa:190]_sem-extra";"153";"123";
"153_982_[18:motivo_da_remessa:190]_sem-extra";"153";"982";
"139_15025_sem-complemento_sem-extra";"139";"15025";
"83_313_[15:situacao_da_audiencia:12]_sem-extra";"83";"313";
"84_313_[15:situacao_da_audiencia:11]_sem-extra";"84";"313";
"85_313_[15:situacao_da_audiencia:15]_sem-extra";"85";"313";
"43_313_[15:situacao_da_audiencia:9]_sem-extra";"43";"313";
"86_313_[15:situacao_da_audiencia:14]_sem-extra";"86";"313";
"44_313_[15:situacao_da_audiencia:13]_sem-extra";"44";"313";
"87_313_[15:situacao_da_audiencia:10]_sem-extra";"87";"313";
"146_15102_[15:situacao_da_audiencia:12]_sem-extra";"146";"15102";
"147_15102_[15:situacao_da_audiencia:11]_sem-extra";"147";"15102";
"148_15102_[15:situacao_da_audiencia:15]_sem-extra";"148";"15102";
"149_15102_[15:situacao_da_audiencia:9]_sem-extra";"149";"15102";
"150_15102_[15:situacao_da_audiencia:14]_sem-extra";"150";"15102";
"151_15102_[15:situacao_da_audiencia:13]_sem-extra";"151";"15102";
"152_15102_[15:situacao_da_audiencia:10]_sem-extra";"152";"15102";
"128_12099_sem-complemento_sem-extra";"128";"12099";
"128_12100_sem-complemento_sem-extra";"128";"12100";
"128_14972_sem-complemento_sem-extra";"128";"14972";
"51_12204_sem-complemento_sem-extra";"51";"12204";
"92_14971_sem-complemento_sem-extra";"92";"14971";
"93_14970_sem-complemento_sem-extra";"93";"14970";
"46_898_sem-complemento_sem-extra";"46";"898";
"46_263_sem-complemento_sem-extra";"46";"263";
"46_25_sem-complemento_sem-extra";"46";"25";
"46_264_sem-complemento_sem-extra";"46";"264";
"46_268_sem-complemento_sem-extra";"46";"268";
"46_270_sem-complemento_sem-extra";"46";"270";
"46_271_sem-complemento_sem-extra";"46";"271";
"46_272_sem-complemento_sem-extra";"46";"272";
"46_275_sem-complemento_sem-extra";"46";"275";
"46_276_sem-complemento_sem-extra";"46";"276";
"46_277_sem-complemento_sem-extra";"46";"277";
"46_278_sem-complemento_sem-extra";"46";"278";
"46_279_sem-complemento_sem-extra";"46";"279";
"46_947_sem-complemento_sem-extra";"46";"947";
"46_960_sem-complemento_sem-extra";"46";"960";
"46_971_sem-complemento_sem-extra";"46";"971";
"46_11792_sem-complemento_sem-extra";"46";"11792";
"46_12259_sem-complemento_sem-extra";"46";"12259";
"46_15204_sem-complemento_sem-extra";"46";"15204";
"46_15247_sem-complemento_sem-extra";"46";"15247";
"46_15248_sem-complemento_sem-extra";"46";"15248";
"45_11012_sem-complemento_sem-extra";"45";"11012";
"45_11013_sem-complemento_sem-extra";"45";"11013";
"45_11014_sem-complemento_sem-extra";"45";"11014";
"45_11015_sem-complemento_sem-extra";"45";"11015";
"45_11016_sem-complemento_sem-extra";"45";"11016";
"45_11017_sem-complemento_sem-extra";"45";"11017";
"45_11018_sem-complemento_sem-extra";"45";"11018";
"45_11025_sem-complemento_sem-extra";"45";"11025";
"45_15009_sem-complemento_sem-extra";"45";"15009";
"45_15238_sem-complemento_sem-extra";"45";"15238";
"94_14969_sem-complemento_sem-extra";"94";"14969";
"95_14968_sem-complemento_sem-extra";"95";"14968";
"52_14093_sem-complemento_sem-extra";"52";"14093";
"52_14094_sem-complemento_sem-extra";"52";"14094";
"47_12098_sem-complemento_sem-extra";"47";"12098";
"144_15067_sem-complemento_sem-extra";"144";"15067";
"96_14973_sem-complemento_sem-extra";"96";"14973";
"48_11975_sem-complemento_sem-extra";"48";"11975";
"49_265_sem-complemento_sem-extra";"49";"265";
"129_12028_sem-complemento_sem-extra";"129";"12028";
"50_848_sem-complemento_sem-extra";"50";"848";
"155_123_[18:motivo_da_remessa:380]_sem-extra";"155";"123";
"155_982_[18:motivo_da_remessa:380]_sem-extra";"155";"982";
"156_10966_sem-complemento_sem-extra";"156";"10966";
"156_14739_sem-complemento_sem-extra";"156";"14739";
"28_230_sem-complemento_sem-extra";"28";"230";
"28_236_sem-complemento_sem-extra";"28";"236";
"28_244_sem-complemento_sem-extra";"28";"244";
"28_853_sem-complemento_sem-extra";"28";"853";
"28_10961_sem-complemento_sem-extra";"28";"10961";
"28_11373_sem-complemento_sem-extra";"28";"11373";
"28_11394_sem-complemento_sem-extra";"28";"11394";
"28_11396_sem-complemento_sem-extra";"28";"11396";
"28_12319_sem-complemento_sem-extra";"28";"12319";
"28_12458_sem-complemento_sem-extra";"28";"12458";
"28_12459_sem-complemento_sem-extra";"28";"12459";
"28_454_sem-complemento_sem-extra";"28";"454";
"28_457_sem-complemento_sem-extra";"28";"457";
"28_458_sem-complemento_sem-extra";"28";"458";
"28_459_sem-complemento_sem-extra";"28";"459";
"28_460_sem-complemento_sem-extra";"28";"460";
"28_461_sem-complemento_sem-extra";"28";"461";
"28_462_sem-complemento_sem-extra";"28";"462";
"28_463_sem-complemento_sem-extra";"28";"463";
"28_464_sem-complemento_sem-extra";"28";"464";
"28_465_sem-complemento_sem-extra";"28";"465";
"28_472_sem-complemento_sem-extra";"28";"472";
"28_473_sem-complemento_sem-extra";"28";"473";
"28_11374_sem-complemento_sem-extra";"28";"11374";
"28_11375_sem-complemento_sem-extra";"28";"11375";
"28_11376_sem-complemento_sem-extra";"28";"11376";
"28_11377_sem-complemento_sem-extra";"28";"11377";
"28_11378_sem-complemento_sem-extra";"28";"11378";
"28_11379_sem-complemento_sem-extra";"28";"11379";
"28_11380_sem-complemento_sem-extra";"28";"11380";
"28_11381_sem-complemento_sem-extra";"28";"11381";
"28_12256_sem-complemento_sem-extra";"28";"12256";
"28_12298_sem-complemento_sem-extra";"28";"12298";
"28_12325_sem-complemento_sem-extra";"28";"12325";
"28_12617_sem-complemento_sem-extra";"28";"12617";
"28_12710_sem-complemento_sem-extra";"28";"12710";
"28_12711_sem-complemento_sem-extra";"28";"12711";
"28_12712_sem-complemento_sem-extra";"28";"12712";
"28_12713_sem-complemento_sem-extra";"28";"12713";
"28_12714_sem-complemento_sem-extra";"28";"12714";
"28_12715_sem-complemento_sem-extra";"28";"12715";
"28_12716_sem-complemento_sem-extra";"28";"12716";
"28_12717_sem-complemento_sem-extra";"28";"12717";
"28_12718_sem-complemento_sem-extra";"28";"12718";
"28_12719_sem-complemento_sem-extra";"28";"12719";
"28_12720_sem-complemento_sem-extra";"28";"12720";
"28_12721_sem-complemento_sem-extra";"28";"12721";
"28_12722_sem-complemento_sem-extra";"28";"12722";
"28_12723_sem-complemento_sem-extra";"28";"12723";
"28_12724_sem-complemento_sem-extra";"28";"12724";
"28_235_sem-complemento_sem-extra";"28";"235";
"28_218_sem-complemento_sem-extra";"28";"218";
"28_228_sem-complemento_sem-extra";"28";"228";
"28_456_sem-complemento_sem-extra";"28";"456";
"28_12184_sem-complemento_sem-extra";"28";"12184";
"28_12709_sem-complemento_sem-extra";"28";"12709";
"28_14218_sem-complemento_sem-extra";"28";"14218";
"28_14848_sem-complemento_sem-extra";"28";"14848";
"28_15245_sem-complemento_sem-extra";"28";"15245";
"28_15249_sem-complemento_sem-extra";"28";"15249";
"28_15250_sem-complemento_sem-extra";"28";"15250";
"28_15251_sem-complemento_sem-extra";"28";"15251";
"28_15253_sem-complemento_sem-extra";"28";"15253";
"28_15254_sem-complemento_sem-extra";"28";"15254";
"28_15255_sem-complemento_sem-extra";"28";"15255";
"28_15256_sem-complemento_sem-extra";"28";"15256";
"28_15257_sem-complemento_sem-extra";"28";"15257";
"28_15258_sem-complemento_sem-extra";"28";"15258";
"28_15259_sem-complemento_sem-extra";"28";"15259";
"28_15260_sem-complemento_sem-extra";"28";"15260";
"28_15261_sem-complemento_sem-extra";"28";"15261";
"28_15262_sem-complemento_sem-extra";"28";"15262";
"28_15263_sem-complemento_sem-extra";"28";"15263";
"28_15264_sem-complemento_sem-extra";"28";"15264";
"28_15265_sem-complemento_sem-extra";"28";"15265";
"28_15266_sem-complemento_sem-extra";"28";"15266";
